{"RuleTriggered": 0, "Violations": 0, "Details": {"pin_memory": false, "num_workers": 0, "cores": 16, "dataloaders": 1, "dataloading_time": {"p25": 3.17528525, "p50": 3.2643845000000002, "p95": 3.4624896499999998, "probs": [1, 0, 0, 0, 0, 0, 0, 0, 0, 0, 0, 0, 0, 0, 0, 0, 0, 0, 0, 0, 0, 0, 0, 0, 0, 0, 0, 0, 0, 0, 0, 0, 0, 0, 0, 1, 0, 0, 1, 0, 0, 0, 0, 0, 0, 0, 0, 1, 1, 0, 0, 0, 0, 0, 0, 0, 0, 0, 0, 0, 0, 0, 0, 0, 0, 0, 1, 0, 0, 0, 0, 0, 0, 0, 1, 0, 0, 0, 0, 0, 0, 0, 0, 0, 0, 1, 0, 1, 0, 0, 0, 0, 0, 0, 0, 0, 0, 0, 0, 1], "binedges": [2.954687, 2.96007671, 2.96546642, 2.97085613, 2.97624584, 2.98163555, 2.98702526, 2.99241497, 2.9978046799999998, 3.00319439, 3.0085840999999998, 3.01397381, 3.0193635199999997, 3.02475323, 3.0301429399999997, 3.03553265, 3.0409223599999997, 3.04631207, 3.0517017799999997, 3.05709149, 3.0624811999999997, 3.06787091, 3.0732606199999997, 3.07865033, 3.0840400399999996, 3.08942975, 3.09481946, 3.10020917, 3.10559888, 3.11098859, 3.1163783, 3.12176801, 3.12715772, 3.13254743, 3.13793714, 3.14332685, 3.14871656, 3.1541062699999998, 3.15949598, 3.1648856899999998, 3.1702754, 3.1756651099999997, 3.18105482, 3.1864445299999997, 3.19183424, 3.1972239499999997, 3.20261366, 3.2080033699999997, 3.21339308, 3.2187827899999997, 3.2241725, 3.22956221, 3.23495192, 3.2403416299999996, 3.24573134, 3.25112105, 3.25651076, 3.26190047, 3.26729018, 3.27267989, 3.2780696, 3.28345931, 3.28884902, 3.29423873, 3.2996284399999998, 3.30501815, 3.3104078599999998, 3.31579757, 3.3211872799999997, 3.32657699, 3.3319666999999997, 3.33735641, 3.3427461199999997, 3.34813583, 3.3535255399999997, 3.35891525, 3.36430496, 3.36969467, 3.3750843799999997, 3.38047409, 3.3858638, 3.39125351, 3.39664322, 3.40203293, 3.40742264, 3.41281235, 3.41820206, 3.42359177, 3.42898148, 3.43437119, 3.4397609, 3.44515061, 3.45054032, 3.4559300299999998, 3.46131974, 3.4667094499999997, 3.47209916, 3.47748887, 3.48287858, 3.4882682899999997, 3.493658]}}, "Datapoints": 10, "RuleParameters": "min_threshold:70\nmax_threshold:200"}