{"RuleTriggered": 0, "Violations": 0, "Details": {"pin_memory": false, "num_workers": 0, "cores": 16, "dataloaders": 1, "dataloading_time": {"p25": 3.3489945, "p50": 3.4752780000000003, "p95": 4.2604811, "probs": [1, 0, 0, 0, 0, 0, 0, 0, 0, 0, 0, 0, 0, 0, 0, 0, 0, 1, 0, 0, 1, 0, 0, 0, 0, 0, 1, 0, 1, 0, 0, 0, 0, 0, 0, 0, 1, 0, 0, 0, 0, 0, 0, 0, 0, 0, 1, 0, 0, 0, 0, 0, 0, 0, 0, 0, 0, 0, 0, 0, 0, 0, 0, 0, 0, 0, 0, 0, 0, 0, 1, 0, 0, 0, 0, 0, 0, 0, 0, 0, 0, 0, 0, 0, 0, 0, 0, 0, 0, 0, 0, 0, 1, 0, 0, 0, 0, 0, 0, 1], "binedges": [3.082195, 3.0944105, 3.106626, 3.1188415, 3.131057, 3.1432725, 3.155488, 3.1677035, 3.179919, 3.1921345, 3.20435, 3.2165655, 3.228781, 3.2409965, 3.253212, 3.2654275, 3.277643, 3.2898585000000002, 3.302074, 3.3142895, 3.326505, 3.3387205, 3.350936, 3.3631515, 3.375367, 3.3875825, 3.399798, 3.4120135, 3.424229, 3.4364445, 3.4486600000000003, 3.4608755, 3.473091, 3.4853065, 3.497522, 3.5097375, 3.521953, 3.5341685, 3.546384, 3.5585995, 3.570815, 3.5830305, 3.595246, 3.6074615000000003, 3.6196770000000003, 3.6318925, 3.644108, 3.6563235, 3.668539, 3.6807545, 3.69297, 3.7051855, 3.717401, 3.7296165, 3.741832, 3.7540475, 3.766263, 3.7784785000000003, 3.7906940000000002, 3.8029095, 3.815125, 3.8273405, 3.839556, 3.8517715, 3.863987, 3.8762025, 3.888418, 3.9006335, 3.912849, 3.9250645, 3.9372800000000003, 3.9494955000000003, 3.961711, 3.9739265, 3.986142, 3.9983575, 4.010573, 4.0227885, 4.035004, 4.0472195, 4.059435000000001, 4.0716505000000005, 4.083866, 4.0960815, 4.108297, 4.1205125, 4.132728, 4.1449435, 4.157159, 4.1693745, 4.18159, 4.1938055, 4.206021, 4.2182365, 4.230452, 4.2426675, 4.2548829999999995, 4.2670985, 4.279314, 4.2915295, 4.303745]}}, "Datapoints": 10, "RuleParameters": "min_threshold:70\nmax_threshold:200"}