{"RuleTriggered": 0, "Violations": 0, "Details": {"pin_memory": false, "num_workers": 0, "cores": 16, "dataloaders": 1, "dataloading_time": {"p25": 3.14174075, "p50": 3.3116855, "p95": 4.116723249999999, "probs": [1, 0, 0, 0, 0, 1, 0, 0, 0, 0, 0, 2, 0, 0, 0, 0, 0, 0, 0, 0, 1, 0, 0, 0, 0, 0, 1, 0, 0, 1, 0, 0, 0, 1, 0, 0, 0, 0, 0, 0, 0, 0, 0, 0, 0, 0, 0, 0, 0, 0, 0, 0, 0, 1, 0, 0, 0, 0, 0, 0, 0, 0, 0, 0, 0, 0, 0, 0, 0, 0, 0, 0, 0, 0, 0, 0, 0, 0, 0, 0, 0, 0, 0, 0, 0, 0, 0, 0, 0, 0, 0, 0, 0, 0, 0, 0, 0, 0, 0, 1], "binedges": [2.973508, 2.98794325, 3.0023785, 3.01681375, 3.031249, 3.04568425, 3.0601195, 3.07455475, 3.08899, 3.10342525, 3.1178605, 3.13229575, 3.146731, 3.16116625, 3.1756015, 3.19003675, 3.204472, 3.21890725, 3.2333425, 3.24777775, 3.262213, 3.27664825, 3.2910835, 3.30551875, 3.319954, 3.33438925, 3.3488245, 3.36325975, 3.377695, 3.3921302499999997, 3.4065654999999997, 3.4210007499999997, 3.4354359999999997, 3.4498712499999997, 3.4643064999999997, 3.4787417499999997, 3.4931769999999998, 3.5076122499999998, 3.5220474999999998, 3.53648275, 3.550918, 3.56535325, 3.5797885, 3.59422375, 3.608659, 3.62309425, 3.6375295, 3.65196475, 3.6664, 3.68083525, 3.6952705, 3.70970575, 3.724141, 3.73857625, 3.7530115, 3.76744675, 3.781882, 3.79631725, 3.8107525, 3.82518775, 3.839623, 3.85405825, 3.8684935, 3.88292875, 3.897364, 3.91179925, 3.9262345, 3.94066975, 3.955105, 3.96954025, 3.9839754999999997, 3.9984107499999997, 4.012846, 4.02728125, 4.0417165, 4.05615175, 4.070587, 4.08502225, 4.0994575, 4.11389275, 4.128328, 4.14276325, 4.1571985, 4.17163375, 4.186069, 4.20050425, 4.2149395, 4.22937475, 4.24381, 4.25824525, 4.2726805, 4.28711575, 4.301551, 4.31598625, 4.3304215, 4.34485675, 4.359292, 4.37372725, 4.3881625, 4.40259775, 4.417033]}}, "Datapoints": 10, "RuleParameters": "min_threshold:70\nmax_threshold:200"}