{"RuleTriggered": 0, "Violations": 0, "Details": {"step_num": {"first": 1639166014080176, "last": 1639170295191465}, "job_start": 1639165860.048728, "job_end": 1639170299.549256}, "Datapoints": 336, "RuleParameters": "threshold:20"}