{"RuleTriggered": 0, "Violations": 0, "Details": {"step_num": {"first": 1638860072913690, "last": 1638864474811048}, "job_start": 1638859943.955383, "job_end": 1638864479.956057}, "Datapoints": 347, "RuleParameters": "threshold:20"}