{"RuleTriggered": 0, "Violations": 0, "Details": {"ratio": {"cpu_functions": 100.0}, "phase": {"Step:ModeKeys.TRAIN": 95.7079266106072, "others": -4.7893019890199895, "Step:ModeKeys.EVAL": 9.081375378412785}, "phase_time": {}, "CPU": {"aten::conv2d": 23.69312988892452, "aten::convolution": 23.692912167931624, "aten::_convolution": 23.692755611209453, "aten::mkldnn_convolution": 23.692170309319444, "enumerate(DataLoader)#_SingleProcessDataLoaderIter.__next__": 5.229032022614957}, "CPU_total": {"aten::conv2d": 159208575, "aten::convolution": 159207112, "aten::_convolution": 159206060, "aten::mkldnn_convolution": 159202127, "enumerate(DataLoader)#_SingleProcessDataLoaderIter.__next__": 35137052}, "general": {"DataLoaderIterInitialize": 0.00024131541216936708, "DataLoaderIter": 0.710211758729746, "Forward": 99.28954692585809}}, "Datapoints": 0, "RuleParameters": ""}