{"RuleTriggered": 0, "Violations": 0, "Details": {"ratio": {"cpu_functions": 100.0}, "phase": {"Step:ModeKeys.TRAIN": 96.28232430908295, "others": -5.552465719303865, "Step:ModeKeys.EVAL": 9.270141410220907}, "phase_time": {}, "CPU": {"aten::conv2d": 23.813710135429563, "aten::convolution": 23.81348880422063, "aten::_convolution": 23.813341103698257, "aten::mkldnn_convolution": 23.81277240545306, "enumerate(DataLoader)#_SingleProcessDataLoaderIter.__next__": 4.746687551198487}, "CPU_total": {"aten::conv2d": 162680762, "aten::convolution": 162679250, "aten::_convolution": 162678241, "aten::mkldnn_convolution": 162674356, "enumerate(DataLoader)#_SingleProcessDataLoaderIter.__next__": 32426478}, "general": {"DataLoaderIterInitialize": 0.0003901516795701486, "DataLoaderIter": 0.6523395939988763, "Forward": 99.34727025432156}}, "Datapoints": 0, "RuleParameters": ""}