{"RuleTriggered": 0, "Violations": 0, "Details": {"ratio": {"cpu_functions": 100.0}, "phase": {"Step:ModeKeys.TRAIN": 99.3193191348335, "others": -8.67657046858621, "Step:ModeKeys.EVAL": 9.357251333752707}, "phase_time": {}, "CPU": {"aten::conv2d": 23.742711560687066, "aten::convolution": 23.742504124118145, "aten::_convolution": 23.742346768879866, "aten::mkldnn_convolution": 23.741771060532134, "enumerate(DataLoader)#_SingleProcessDataLoaderIter.__next__": 5.030666485782785}, "CPU_total": {"aten::conv2d": 156921500, "aten::convolution": 156920129, "aten::_convolution": 156919089, "aten::mkldnn_convolution": 156915284, "enumerate(DataLoader)#_SingleProcessDataLoaderIter.__next__": 33248929}, "general": {"DataLoaderIterInitialize": 0.0003831953720056492, "DataLoaderIter": 0.7026184060064198, "Forward": 99.29699839862157}}, "Datapoints": 0, "RuleParameters": ""}