{"RuleTriggered": 0, "Violations": 0, "Details": {"step_details": {"algo-1-26": {"step_stats": {"mean": 18.198597709543574, "max": 25.178432, "p99": 25.129594, "p95": 24.447904, "p50": 18.25019, "min": 1.719584}, "number_of_outliers": 0, "phase": "Step:ModeKeys.TRAIN", "stddev": 3.25, "probs": [7, 0, 0, 0, 0, 0, 0, 0, 0, 0, 0, 0, 0, 0, 0, 0, 0, 0, 0, 0, 0, 0, 0, 0, 0, 0, 0, 0, 0, 0, 0, 0, 0, 0, 0, 0, 0, 0, 0, 0, 0, 0, 0, 0, 0, 0, 0, 0, 0, 0, 0, 0, 0, 0, 0, 0, 0, 0, 0, 0, 0, 0, 0, 0, 0, 0, 0, 0, 25, 62, 54, 32, 34, 10, 0, 0, 0, 2, 0, 0, 0, 0, 0, 1, 0, 0, 0, 0, 0, 0, 0, 0, 0, 0, 0, 0, 2, 4, 2, 6], "binedges": [1.719584, 1.95417248, 2.1887609599999998, 2.42334944, 2.65793792, 2.8925264, 3.1271148799999997, 3.36170336, 3.59629184, 3.8308803200000003, 4.0654688, 4.30005728, 4.53464576, 4.76923424, 5.00382272, 5.2384112, 5.47299968, 5.70758816, 5.9421766400000005, 6.17676512, 6.4113536, 6.64594208, 6.8805305599999995, 7.11511904, 7.34970752, 7.584296, 7.81888448, 8.053472959999999, 8.28806144, 8.52264992, 8.757238399999999, 8.99182688, 9.226415359999999, 9.46100384, 9.69559232, 9.930180799999999, 10.16476928, 10.39935776, 10.633946239999998, 10.86853472, 11.103123199999999, 11.337711679999998, 11.57230016, 11.806888639999999, 12.041477119999998, 12.276065599999999, 12.510654079999998, 12.74524256, 12.979831039999999, 13.214419519999998, 13.449008, 13.683596479999999, 13.91818496, 14.152773439999999, 14.387361919999998, 14.6219504, 14.856538879999999, 15.091127359999998, 15.325715839999999, 15.560304319999998, 15.794892799999998, 16.02948128, 16.264069759999998, 16.49865824, 16.73324672, 16.9678352, 17.20242368, 17.43701216, 17.67160064, 17.90618912, 18.1407776, 18.37536608, 18.609954560000002, 18.84454304, 19.07913152, 19.31372, 19.54830848, 19.78289696, 20.01748544, 20.25207392, 20.4866624, 20.72125088, 20.95583936, 21.19042784, 21.42501632, 21.6596048, 21.89419328, 22.12878176, 22.36337024, 22.59795872, 22.8325472, 23.06713568, 23.30172416, 23.53631264, 23.77090112, 24.0054896, 24.24007808, 24.47466656, 24.70925504, 24.94384352, 25.178432], "step_numbers": []}}}, "Datapoints": 336, "RuleParameters": "threshold:3\nmode:None\nn_outliers:10\nstddev:3"}