{"RuleTriggered": 0, "Violations": 0, "Details": {"step_details": {"algo-1-26": {"step_stats": {"mean": 18.62149652016129, "max": 26.151992, "p99": 26.080186, "p95": 25.527965899999998, "p50": 18.627064, "min": 1.716816}, "number_of_outliers": 0, "phase": "Step:ModeKeys.TRAIN", "stddev": 3.33, "probs": [6, 1, 0, 0, 0, 0, 0, 0, 0, 0, 0, 0, 0, 0, 0, 0, 0, 0, 0, 0, 0, 0, 0, 0, 0, 0, 0, 0, 0, 0, 0, 0, 0, 0, 0, 0, 0, 0, 0, 0, 0, 0, 0, 0, 0, 0, 0, 0, 0, 0, 0, 0, 0, 0, 0, 0, 0, 0, 0, 0, 0, 0, 0, 0, 0, 0, 0, 18, 90, 57, 38, 17, 4, 0, 0, 0, 0, 0, 0, 2, 0, 0, 0, 1, 0, 0, 0, 0, 0, 0, 0, 0, 0, 0, 0, 0, 0, 4, 6, 4], "binedges": [1.716816, 1.96116776, 2.2055195199999997, 2.44987128, 2.69422304, 2.9385747999999996, 3.1829265599999994, 3.4272783199999997, 3.67163008, 3.9159818399999997, 4.1603335999999995, 4.404685359999999, 4.649037119999999, 4.89338888, 5.13774064, 5.382092399999999, 5.626444159999999, 5.870795919999999, 6.115147679999999, 6.35949944, 6.603851199999999, 6.848202959999999, 7.092554719999999, 7.336906479999999, 7.581258239999999, 7.825609999999999, 8.06996176, 8.314313519999999, 8.55866528, 8.803017039999999, 9.0473688, 9.29172056, 9.536072319999999, 9.78042408, 10.024775839999998, 10.2691276, 10.513479359999998, 10.757831119999999, 11.00218288, 11.246534639999998, 11.490886399999999, 11.735238159999998, 11.979589919999999, 12.22394168, 12.468293439999998, 12.712645199999999, 12.956996959999998, 13.201348719999999, 13.445700479999998, 13.690052239999998, 13.934403999999999, 14.178755759999998, 14.423107519999999, 14.667459279999997, 14.911811039999998, 15.156162799999999, 15.400514559999998, 15.644866319999998, 15.889218079999997, 16.13356984, 16.3779216, 16.622273359999998, 16.86662512, 17.11097688, 17.35532864, 17.5996804, 17.84403216, 18.08838392, 18.33273568, 18.57708744, 18.8214392, 19.06579096, 19.310142719999998, 19.55449448, 19.79884624, 20.043198, 20.28754976, 20.531901519999998, 20.77625328, 21.02060504, 21.2649568, 21.50930856, 21.753660319999998, 21.99801208, 22.24236384, 22.4867156, 22.73106736, 22.975419119999998, 23.21977088, 23.46412264, 23.7084744, 23.95282616, 24.197177919999998, 24.44152968, 24.68588144, 24.9302332, 25.174584959999997, 25.418936719999998, 25.66328848, 25.90764024, 26.151992], "step_numbers": []}}}, "Datapoints": 347, "RuleParameters": "threshold:3\nmode:None\nn_outliers:10\nstddev:3"}