{"RuleTriggered": 0, "Violations": 0, "Details": {"step_details": {"algo-1-26": {"step_stats": {"mean": 18.462964841463414, "max": 26.328609, "p99": 26.173807, "p95": 25.69800275, "p50": 18.427308, "min": 1.688469}, "number_of_outliers": 0, "phase": "Step:ModeKeys.TRAIN", "stddev": 3.37, "probs": [7, 0, 0, 0, 0, 0, 0, 0, 0, 0, 0, 0, 0, 0, 0, 0, 0, 0, 0, 0, 0, 0, 0, 0, 0, 0, 0, 0, 0, 0, 0, 0, 0, 0, 0, 0, 0, 0, 0, 0, 0, 0, 0, 0, 0, 0, 0, 0, 0, 0, 0, 0, 0, 0, 0, 0, 0, 0, 0, 0, 0, 0, 0, 0, 0, 0, 33, 89, 42, 38, 19, 2, 0, 0, 1, 0, 0, 0, 0, 0, 0, 1, 0, 0, 0, 0, 0, 0, 0, 0, 0, 0, 0, 0, 0, 0, 0, 3, 3, 8], "binedges": [1.688469, 1.9348703999999999, 2.1812718, 2.4276732, 2.6740746, 2.920476, 3.1668773999999997, 3.4132788, 3.6596802, 3.9060816, 4.152483, 4.3988844, 4.6452858, 4.8916872, 5.1380886, 5.3844899999999996, 5.630891399999999, 5.877292799999999, 6.123694199999999, 6.370095599999999, 6.616496999999999, 6.862898400000001, 7.1092998000000005, 7.3557012, 7.6021026, 7.848504, 8.0949054, 8.3413068, 8.5877082, 8.8341096, 9.080511, 9.3269124, 9.5733138, 9.8197152, 10.066116599999999, 10.312517999999999, 10.558919399999999, 10.805320799999999, 11.051722199999999, 11.298123599999998, 11.544524999999998, 11.7909264, 12.0373278, 12.2837292, 12.5301306, 12.776532, 13.0229334, 13.2693348, 13.5157362, 13.762137599999999, 14.008538999999999, 14.254940399999999, 14.501341799999999, 14.747743199999999, 14.994144599999998, 15.240545999999998, 15.4869474, 15.7333488, 15.9797502, 16.2261516, 16.472553, 16.7189544, 16.9653558, 17.2117572, 17.4581586, 17.70456, 17.9509614, 18.1973628, 18.4437642, 18.6901656, 18.936567, 19.1829684, 19.4293698, 19.6757712, 19.9221726, 20.168574, 20.4149754, 20.6613768, 20.9077782, 21.1541796, 21.400581, 21.646982400000002, 21.893383800000002, 22.139785200000002, 22.386186600000002, 22.632588000000002, 22.878989400000002, 23.1253908, 23.3717922, 23.6181936, 23.864595, 24.1109964, 24.3573978, 24.6037992, 24.8502006, 25.096602, 25.3430034, 25.5894048, 25.8358062, 26.0822076, 26.328609], "step_numbers": []}}}, "Datapoints": 344, "RuleParameters": "threshold:3\nmode:None\nn_outliers:10\nstddev:3"}